RowID,DateTime,TempOut,HiTemp,LowTemp,OutHum,DewPt,WindSpeed,WindDir,WindRun,HiSpeed,HiDir,WindChill,HeatIndex,THWIndex,Bar,Rain,RainRate,HeatDD,CoolDD,InTemp,InHum,InDew,InHeat,InEMC,InAirDensity,WindSamp,WindTx,ISSRecpt,ArcInt
2017-07-28T03:00:00,07/28/2017 03:00:00 AM,56.4,56.7,56.3,85,51.9,0,---,0,0,---,56.4,56.3,56.3,29.93,0,0,0.09,0,68.7,59,53.8,68.1,10.95,0.0741,351,1,100,15
2017-07-28T03:15:00,07/28/2017 03:15:00 AM,56.1,56.4,56,86,52,0,---,0,0,---,56.1,56,56,29.93,0,0,0.093,0,70.1,56,53.7,68.9,10.35,0.0739,351,1,100,15
2017-07-28T03:30:00,07/28/2017 03:30:00 AM,55.9,56.1,55.9,86,51.8,0,---,0,0,---,55.9,55.8,55.8,29.929,0,0,0.095,0,69.2,28,34.7,65.4,5.95,0.0746,351,1,100,15
2017-07-28T03:45:00,07/28/2017 03:45:00 AM,55.7,56,55.6,87,51.9,0,---,0,0,---,55.7,55.7,55.7,29.925,0,0,0.097,0,67.9,61,54,67.7,11.25,0.0742,352,1,100,15
2017-07-28T04:00:00,07/28/2017 04:00:00 AM,55.3,55.6,55.3,88,51.8,0,SSE,0,1,SSE,55.3,55.3,55.3,29.932,0,0,0.101,0,69.3,56,52.9,68.3,10.36,0.074,351,1,100,15
2017-07-28T04:15:00,07/28/2017 04:15:00 AM,55.1,55.4,55.1,88,51.6,0,---,0,0,---,55.1,55.1,55.1,29.931,0,0,0.103,0,70.6,54,53.1,69.4,9.94,0.0738,351,1,100,15
2017-07-28T04:30:00,07/28/2017 04:30:00 AM,54.6,55.1,54.6,89,51.4,1,SSE,0.25,3,SSE,54.6,54.7,54.7,29.927,0,0,0.108,0,68.6,28,34.2,64.8,5.95,0.0746,351,1,100,15
2017-07-28T04:45:00,07/28/2017 04:45:00 AM,54.3,54.7,54.3,89,51.1,0,S,0,2,S,54.3,54.4,54.4,29.926,0,0,0.111,0,68,59,53.1,67.6,10.95,0.0742,351,1,100,15
2017-07-28T05:00:00,07/28/2017 05:00:00 AM,54.1,54.3,54.1,90,51.2,1,SSE,0.25,3,SSE,54.1,54.2,54.2,29.93,0,0,0.114,0,69.3,55,52.4,68.2,10.16,0.0741,352,1,100,15
